Date,Symbol,Result Close,MMA_10,End Balance,Restart Balance,Balance,Can Rebalance
2014-12-31,"['VIG', 'SCHD', 'DGRO', 'GLD']","[81.16, 13.28, 26.52, 113.58]","[77.85, 12.85, 17.87, 119.81]","[0, 0, 0, 0]","[2500.0, 2500.0, 2500.0, 2500.0]",10000,False
2015-01-30,"['VIG', 'SCHD', 'DGRO', 'GLD']","[78.42, 12.87, 25.55, 123.45]","[78.17, 12.91, 20.42, 119.79]","[2415.6, 2422.82, 2408.56, 2717.25]","[2415.6, 2422.82, 2408.56, 2717.25]",9964,False
2015-02-27,"['VIG', 'SCHD', 'DGRO', 'GLD']","[82.8, 13.54, 26.9, 116.16]","[78.85, 13.01, 23.11, 118.99]","[2550.52, 2548.95, 2535.82, 2556.79]","[2550.52, 2548.95, 2535.82, 2556.79]",10192,False
2015-03-31,"['VIG', 'SCHD', 'DGRO', 'GLD']","[80.47, 13.14, 26.31, 113.66]","[79.18, 13.06, 25.74, 118.31]","[2478.75, 2473.65, 2480.2, 2501.76]","[2478.75, 2473.65, 2480.2, 2501.76]",9934,False
2015-04-30,"['VIG', 'SCHD', 'DGRO', 'GLD']","[80.3, 13.24, 26.34, 113.47]","[79.41, 13.1, 25.87, 116.86]","[2473.51, 2492.48, 2483.03, 2497.58]","[2473.51, 2492.48, 2483.03, 2497.58]",9946,False
2015-05-29,"['VIG', 'SCHD', 'DGRO', 'GLD']","[81.07, 13.3, 26.67, 114.1]","[79.98, 13.18, 26.1, 115.93]","[2497.23, 2503.78, 2514.14, 2511.45]","[2497.23, 2503.78, 2514.14, 2511.45]",10026,False
2015-06-30,"['VIG', 'SCHD', 'DGRO', 'GLD']","[78.58, 12.76, 25.85, 112.37]","[80.03, 13.16, 26.14, 114.78]","[2420.53, 2402.12, 2436.84, 2473.37]","[2420.53, 2402.12, 2436.84, 2473.37]",9732,False
2015-07-31,"['VIG', 'SCHD', 'DGRO', 'GLD']","[80.28, 12.85, 26.35, 104.93]","[80.36, 13.16, 26.27, 113.65]","[2472.9, 2419.06, 2483.97, 2309.61]","[2472.9, 2419.06, 2483.97, 2309.61]",9685,False
2015-08-31,"['VIG', 'SCHD', 'DGRO', 'GLD']","[75.57, 12.17, 24.82, 108.82]","[80.02, 13.07, 26.18, 113.27]","[2327.82, 2291.05, 2339.74, 2395.23]","[2327.82, 2291.05, 2339.74, 2395.23]",9353,False
2015-09-30,"['VIG', 'SCHD', 'DGRO', 'GLD']","[73.74, 11.98, 24.25, 106.86]","[79.24, 12.91, 25.96, 112.74]","[2271.45, 2255.28, 2286.01, 2352.09]","[2271.45, 2255.28, 2286.01, 2352.09]",9164,False
2015-10-30,"['VIG', 'SCHD', 'DGRO', 'GLD']","[78.71, 13.03, 26.18, 109.3]","[78.99, 12.89, 25.92, 112.31]","[2424.54, 2452.95, 2467.95, 2405.8]","[2424.54, 2452.95, 2467.95, 2405.8]",9751,False
2015-11-30,"['VIG', 'SCHD', 'DGRO', 'GLD']","[78.92, 13.07, 26.19, 101.92]","[79.04, 12.91, 25.99, 110.16]","[2431.01, 2460.48, 2468.89, 2243.36]","[2431.01, 2460.48, 2468.89, 2243.36]",9603,False
2015-12-31,"['VIG', 'SCHD', 'DGRO', 'GLD']","[77.76, 12.85, 25.69, 101.46]","[78.54, 12.84, 25.87, 108.69]","[2395.28, 2419.06, 2421.76, 2233.23]","[2367.33, 2367.33, 2367.33, 2367.33]",9469,True
2016-01-29,"['VIG', 'SCHD', 'DGRO', 'GLD']","[75.98, 12.56, 24.83, 106.95]","[78.09, 12.78, 25.72, 108.02]","[2313.14, 2313.9, 2288.08, 2495.43]","[2313.14, 2313.9, 2288.08, 2495.43]",9410,False
2016-02-29,"['VIG', 'SCHD', 'DGRO', 'GLD']","[76.84, 12.65, 25.03, 118.64]","[77.74, 12.72, 25.59, 108.53]","[2339.32, 2330.48, 2306.51, 2768.19]","[2339.32, 2330.48, 2306.51, 2768.19]",9744,False
2016-03-31,"['VIG', 'SCHD', 'DGRO', 'GLD']","[81.25, 13.36, 26.4, 117.64]","[77.76, 12.73, 25.56, 108.89]","[2473.58, 2461.28, 2432.76, 2744.86]","[2473.58, 2461.28, 2432.76, 2744.86]",10112,False
2016-04-29,"['VIG', 'SCHD', 'DGRO', 'GLD']","[80.98, 13.34, 26.72, 123.65]","[78.0, 12.79, 25.65, 110.02]","[2465.36, 2457.6, 2462.25, 2885.09]","[2465.36, 2457.6, 2462.25, 2885.09]",10270,False
2016-05-31,"['VIG', 'SCHD', 'DGRO', 'GLD']","[81.75, 13.53, 27.15, 116.06]","[78.15, 12.86, 25.73, 111.13]","[2488.8, 2492.6, 2501.87, 2707.99]","[2488.8, 2492.6, 2501.87, 2707.99]",10191,False
2016-06-30,"['VIG', 'SCHD', 'DGRO', 'GLD']","[83.24, 13.81, 27.27, 126.47]","[78.92, 13.02, 25.97, 112.89]","[2534.16, 2544.18, 2512.93, 2950.88]","[2534.16, 2544.18, 2512.93, 2950.88]",10542,False
2016-07-29,"['VIG', 'SCHD', 'DGRO', 'GLD']","[85.15, 14.21, 28.08, 128.98]","[80.06, 13.24, 26.35, 115.11]","[2592.31, 2617.87, 2587.57, 3009.44]","[2592.31, 2617.87, 2587.57, 3009.44]",10807,False
2016-08-31,"['VIG', 'SCHD', 'DGRO', 'GLD']","[85.16, 14.16, 28.04, 124.78]","[80.7, 13.35, 26.54, 116.65]","[2592.61, 2608.66, 2583.88, 2911.44]","[2592.61, 2608.66, 2583.88, 2911.44]",10696,False
2016-09-30,"['VIG', 'SCHD', 'DGRO', 'GLD']","[83.93, 14.1, 27.62, 125.64]","[81.2, 13.46, 26.68, 119.03]","[2555.16, 2597.61, 2545.18, 2931.51]","[2555.16, 2597.61, 2545.18, 2931.51]",10629,False
2016-10-31,"['VIG', 'SCHD', 'DGRO', 'GLD']","[82.31, 13.88, 27.22, 121.94]","[81.66, 13.56, 26.84, 121.07]","[2505.84, 2557.08, 2508.32, 2845.18]","[2505.84, 2557.08, 2508.32, 2845.18]",10416,False
2016-11-30,"['VIG', 'SCHD', 'DGRO', 'GLD']","[84.76, 14.34, 28.53, 111.75]","[82.54, 13.74, 27.21, 121.55]","[2580.43, 2641.82, 2629.04, 2607.42]","[2580.43, 2641.82, 2629.04, 2607.42]",10458,False
2016-12-30,"['VIG', 'SCHD', 'DGRO', 'GLD']","[85.18, 14.52, 28.9, 109.61]","[83.37, 13.93, 27.59, 120.65]","[2593.22, 2674.98, 2663.14, 2557.49]","[2622.21, 2622.21, 2622.21, 2622.21]",10488,True
2017-01-31,"['VIG', 'SCHD', 'DGRO', 'GLD']","[86.68, 14.45, 29.23, 115.55]","[83.91, 14.03, 27.88, 120.44]","[2668.39, 2609.57, 2652.15, 2764.31]","[2668.39, 2609.57, 2652.15, 2764.31]",10694,False
2017-02-28,"['VIG', 'SCHD', 'DGRO', 'GLD']","[90.43, 14.95, 30.62, 119.23]","[84.86, 14.2, 28.27, 120.0]","[2783.83, 2699.87, 2778.27, 2852.35]","[2783.83, 2699.87, 2778.27, 2852.35]",11114,False
2017-03-31,"['VIG', 'SCHD', 'DGRO', 'GLD']","[89.94, 14.86, 30.45, 118.72]","[85.68, 14.33, 28.6, 120.27]","[2768.75, 2683.62, 2762.85, 2840.15]","[2768.75, 2683.62, 2762.85, 2840.15]",11055,False
2017-04-28,"['VIG', 'SCHD', 'DGRO', 'GLD']","[91.49, 14.9, 30.74, 120.77]","[86.5, 14.44, 28.94, 119.7]","[2816.47, 2690.84, 2789.16, 2889.19]","[2816.47, 2690.84, 2789.16, 2889.19]",11185,False
2017-05-31,"['VIG', 'SCHD', 'DGRO', 'GLD']","[92.93, 15.16, 31.09, 120.62]","[87.28, 14.53, 29.24, 118.86]","[2860.8, 2737.79, 2820.92, 2885.6]","[2860.8, 2737.79, 2820.92, 2885.6]",11305,False
2017-06-30,"['VIG', 'SCHD', 'DGRO', 'GLD']","[92.67, 15.03, 31.32, 118.02]","[88.03, 14.62, 29.57, 118.19]","[2852.8, 2714.31, 2841.79, 2823.4]","[2852.8, 2714.31, 2841.79, 2823.4]",11232,False
2017-07-31,"['VIG', 'SCHD', 'DGRO', 'GLD']","[93.35, 15.28, 31.68, 120.75]","[88.97, 14.74, 29.98, 117.7]","[2873.73, 2759.46, 2874.45, 2888.71]","[2873.73, 2759.46, 2874.45, 2888.71]",11396,False
2017-08-31,"['VIG', 'SCHD', 'DGRO', 'GLD']","[93.01, 15.28, 31.8, 125.82]","[90.04, 14.88, 30.44, 118.08]","[2863.26, 2759.46, 2885.34, 3010.0]","[2863.26, 2759.46, 2885.34, 3010.0]",11518,False
2017-09-29,"['VIG', 'SCHD', 'DGRO', 'GLD']","[94.79, 15.6, 32.47, 121.58]","[91.05, 15.0, 30.83, 119.07]","[2918.06, 2817.25, 2946.13, 2908.57]","[2918.06, 2817.25, 2946.13, 2908.57]",11590,False
2017-10-31,"['VIG', 'SCHD', 'DGRO', 'GLD']","[96.78, 16.16, 33.17, 120.67]","[92.21, 15.17, 31.26, 120.17]","[2979.32, 2918.38, 3009.64, 2886.8]","[2979.32, 2918.38, 3009.64, 2886.8]",11794,False
2017-11-30,"['VIG', 'SCHD', 'DGRO', 'GLD']","[101.12, 16.84, 34.56, 121.1]","[93.65, 15.41, 31.79, 120.73]","[3112.92, 3041.18, 3135.76, 2897.09]","[3112.92, 3041.18, 3135.76, 2897.09]",12186,False
2017-12-29,"['VIG', 'SCHD', 'DGRO', 'GLD']","[102.03, 17.06, 34.78, 123.65]","[94.81, 15.62, 32.21, 121.17]","[3140.93, 3080.91, 3155.72, 2958.09]","[3083.91, 3083.91, 3083.91, 3083.91]",12335,True
2018-01-31,"['VIG', 'SCHD', 'DGRO', 'GLD']","[107.15, 17.83, 36.45, 127.65]","[96.53, 15.91, 32.81, 122.06]","[3238.66, 3223.1, 3231.99, 3183.67]","[3238.66, 3223.1, 3231.99, 3183.67]",12877,False
2018-02-28,"['VIG', 'SCHD', 'DGRO', 'GLD']","[102.83, 16.83, 35.04, 125.0]","[97.67, 16.11, 33.24, 122.49]","[3108.09, 3042.33, 3106.97, 3117.58]","[3108.09, 3042.33, 3106.97, 3117.58]",12374,False
2018-03-29,"['VIG', 'SCHD', 'DGRO', 'GLD']","[101.05, 16.34, 33.9, 125.79]","[98.48, 16.23, 33.52, 123.0]","[3054.29, 2953.75, 3005.89, 3137.28]","[3054.29, 2953.75, 3005.89, 3137.28]",12151,False
2018-04-30,"['VIG', 'SCHD', 'DGRO', 'GLD']","[100.11, 16.16, 33.88, 124.59]","[99.22, 16.34, 33.77, 123.66]","[3025.88, 2921.21, 3004.12, 3107.35]","[3025.88, 2921.21, 3004.12, 3107.35]",12058,False
2018-05-31,"['VIG', 'SCHD', 'DGRO', 'GLD']","[101.88, 16.45, 34.42, 123.1]","[100.08, 16.46, 34.05, 123.89]","[3079.38, 2973.63, 3052.0, 3070.19]","[3079.38, 2973.63, 3052.0, 3070.19]",12175,False
2018-06-29,"['VIG', 'SCHD', 'DGRO', 'GLD']","[101.62, 16.43, 34.28, 118.65]","[100.94, 16.57, 34.3, 123.18]","[3071.52, 2970.01, 3039.59, 2959.2]","[3071.52, 2970.01, 3039.59, 2959.2]",12040,False
2018-07-31,"['VIG', 'SCHD', 'DGRO', 'GLD']","[106.38, 17.18, 36.04, 115.99]","[102.1, 16.73, 34.65, 122.62]","[3215.39, 3105.59, 3195.65, 2892.86]","[3215.39, 3105.59, 3195.65, 2892.86]",12409,False
2018-08-31,"['VIG', 'SCHD', 'DGRO', 'GLD']","[109.36, 17.57, 37.05, 113.51]","[103.35, 16.87, 35.04, 121.9]","[3305.46, 3176.09, 3285.21, 2831.01]","[3305.46, 3176.09, 3285.21, 2831.01]",12597,False
2018-09-28,"['VIG', 'SCHD', 'DGRO', 'GLD']","[110.7, 17.67, 37.06, 112.76]","[104.31, 16.95, 35.29, 121.07]","[3345.96, 3194.17, 3286.1, 2812.3]","[3345.96, 3194.17, 3286.1, 2812.3]",12638,False
2018-10-31,"['VIG', 'SCHD', 'DGRO', 'GLD']","[103.66, 16.62, 35.07, 115.15]","[104.47, 16.91, 35.32, 120.22]","[3133.17, 3004.36, 3109.65, 2871.91]","[3133.17, 3004.36, 3109.65, 2871.91]",12119,False
2018-11-30,"['VIG', 'SCHD', 'DGRO', 'GLD']","[107.95, 17.18, 36.38, 115.54]","[104.55, 16.84, 35.31, 119.01]","[3262.84, 3105.59, 3225.81, 2881.64]","[3262.84, 3105.59, 3225.81, 2881.64]",12475,False
2018-12-31,"['VIG', 'SCHD', 'DGRO', 'GLD']","[97.95, 15.66, 33.18, 121.25]","[104.07, 16.73, 35.13, 118.63]","[2960.59, 2830.82, 2942.07, 3024.05]","[2939.38, 2939.38, 2939.38, 2939.38]",11757,True
2019-01-31,"['VIG', 'SCHD', 'DGRO', 'GLD']","[104.14, 16.6, 35.25, 124.75]","[104.37, 16.75, 35.26, 118.53]","[3125.14, 3115.82, 3122.76, 3024.23]","[3125.14, 3115.82, 3122.76, 3024.23]",12387,False
2019-02-28,"['VIG', 'SCHD', 'DGRO', 'GLD']","[108.91, 17.28, 36.58, 123.99]","[105.25, 16.86, 35.53, 118.47]","[3268.28, 3243.46, 3240.58, 3005.81]","[3268.28, 3243.46, 3240.58, 3005.81]",12758,False
2019-03-29,"['VIG', 'SCHD', 'DGRO', 'GLD']","[109.64, 17.43, 36.75, 122.01]","[106.03, 16.96, 35.76, 118.36]","[3290.19, 3271.62, 3255.64, 2957.81]","[3290.19, 3271.62, 3255.64, 2957.81]",12775,False
2019-04-30,"['VIG', 'SCHD', 'DGRO', 'GLD']","[113.72, 17.99, 38.13, 121.2]","[107.24, 17.12, 36.15, 118.62]","[3412.63, 3376.73, 3377.89, 2938.17]","[3412.63, 3376.73, 3377.89, 2938.17]",13105,False
2019-05-31,"['VIG', 'SCHD', 'DGRO', 'GLD']","[108.45, 16.62, 35.93, 123.33]","[107.45, 17.06, 36.14, 119.35]","[3254.48, 3119.58, 3182.99, 2989.81]","[3254.48, 3119.58, 3182.99, 2989.81]",12546,False
2019-06-28,"['VIG', 'SCHD', 'DGRO', 'GLD']","[115.16, 17.69, 38.2, 133.2]","[108.03, 17.07, 36.25, 121.32]","[3455.84, 3320.42, 3384.09, 3229.08]","[3455.84, 3320.42, 3384.09, 3229.08]",13389,False
2019-07-31,"['VIG', 'SCHD', 'DGRO', 'GLD']","[117.73, 17.98, 38.74, 133.21]","[108.73, 17.11, 36.42, 123.36]","[3532.96, 3374.85, 3431.93, 3229.32]","[3532.96, 3374.85, 3431.93, 3229.32]",13569,False
2019-08-30,"['VIG', 'SCHD', 'DGRO', 'GLD']","[118.42, 17.75, 38.21, 143.75]","[110.21, 17.22, 36.74, 126.22]","[3553.67, 3331.68, 3384.98, 3484.83]","[3553.67, 3331.68, 3384.98, 3484.83]",13755,False
2019-09-30,"['VIG', 'SCHD', 'DGRO', 'GLD']","[119.58, 18.26, 39.14, 138.87]","[111.37, 17.33, 37.01, 128.56]","[3588.48, 3427.41, 3467.37, 3366.53]","[3588.48, 3427.41, 3467.37, 3366.53]",13849,False
2019-10-31,"['VIG', 'SCHD', 'DGRO', 'GLD']","[119.61, 18.51, 39.91, 142.43]","[113.54, 17.61, 37.68, 130.67]","[3589.38, 3474.34, 3535.58, 3452.83]","[3589.38, 3474.34, 3535.58, 3452.83]",14052,False
2019-11-29,"['VIG', 'SCHD', 'DGRO', 'GLD']","[122.54, 19.03, 41.26, 137.86]","[115.38, 17.85, 38.29, 131.98]","[3677.31, 3571.94, 3655.17, 3342.04]","[3677.31, 3571.94, 3655.17, 3342.04]",14246,False
2019-12-31,"['VIG', 'SCHD', 'DGRO', 'GLD']","[124.66, 19.31, 42.07, 142.9]","[116.95, 18.06, 38.83, 133.88]","[3740.93, 3624.5, 3726.93, 3464.22]","[3639.14, 3639.14, 3639.14, 3639.14]",14556,True
2020-01-31,"['VIG', 'SCHD', 'DGRO', 'GLD']","[125.37, 18.97, 41.44, 149.33]","[118.52, 18.21, 39.3, 136.61]","[3659.87, 3575.06, 3584.64, 3802.89]","[3659.87, 3575.06, 3584.64, 3802.89]",14622,False
2020-02-28,"['VIG', 'SCHD', 'DGRO', 'GLD']","[114.91, 17.19, 37.68, 148.38]","[118.64, 18.13, 39.26, 139.33]","[3354.52, 3239.6, 3259.39, 3778.7]","[3354.52, 3239.6, 3259.39, 3778.7]",13632,False
2020-03-31,"['VIG', 'SCHD', 'DGRO', 'GLD']","[103.39, 14.99, 32.59, 148.05]","[118.14, 17.97, 38.92, 141.8]","[3018.22, 2824.99, 2819.1, 3770.3]","[3018.22, 2824.99, 2819.1, 3770.3]",12432,False
2020-04-30,"['VIG', 'SCHD', 'DGRO', 'GLD']","[113.6, 16.88, 36.38, 158.8]","[117.98, 17.89, 38.74, 144.36]","[3316.28, 3181.18, 3146.94, 4044.06]","[3316.28, 3181.18, 3146.94, 4044.06]",13688,False
2020-05-29,"['VIG', 'SCHD', 'DGRO', 'GLD']","[117.69, 17.51, 37.71, 162.91]","[117.98, 17.84, 38.64, 147.33]","[3435.68, 3299.91, 3261.99, 4148.73]","[3435.68, 3299.91, 3261.99, 4148.73]",14146,False
2020-06-30,"['VIG', 'SCHD', 'DGRO', 'GLD']","[117.18, 17.25, 37.6, 167.37]","[117.85, 17.79, 38.58, 149.69]","[3420.79, 3250.91, 3252.47, 4262.31]","[3420.79, 3250.91, 3252.47, 4262.31]",14186,False
2020-07-31,"['VIG', 'SCHD', 'DGRO', 'GLD']","[123.01, 18.16, 39.22, 185.43]","[118.2, 17.78, 38.59, 154.35]","[3590.98, 3422.41, 3392.6, 4722.23]","[3590.98, 3422.41, 3392.6, 4722.23]",15128,False
2020-08-31,"['VIG', 'SCHD', 'DGRO', 'GLD']","[130.59, 19.09, 41.12, 184.83]","[119.29, 17.84, 38.71, 158.59]","[3812.26, 3597.68, 3556.95, 4706.95]","[3812.26, 3597.68, 3556.95, 4706.95]",15673,False
2020-09-30,"['VIG', 'SCHD', 'DGRO', 'GLD']","[128.66, 18.43, 39.79, 177.12]","[119.91, 17.78, 38.56, 162.51]","[3755.92, 3473.3, 3441.9, 4510.6]","[3755.92, 3473.3, 3441.9, 4510.6]",15181,False
2020-10-30,"['VIG', 'SCHD', 'DGRO', 'GLD']","[125.74, 18.5, 38.96, 176.2]","[120.01, 17.7, 38.25, 165.84]","[3670.68, 3486.49, 3370.1, 4487.17]","[3670.68, 3486.49, 3370.1, 4487.17]",15014,False
2020-11-30,"['VIG', 'SCHD', 'DGRO', 'GLD']","[138.36, 20.94, 43.69, 166.67]","[121.31, 17.9, 38.47, 167.58]","[4039.09, 3946.33, 3779.25, 4244.48]","[4039.09, 3946.33, 3779.25, 4244.48]",16009,False
2020-12-31,"['VIG', 'SCHD', 'DGRO', 'GLD']","[141.17, 21.38, 44.82, 178.36]","[123.94, 18.31, 39.19, 170.57]","[4121.12, 4029.25, 3877.0, 4542.18]","[4142.39, 4142.39, 4142.39, 4142.39]",16569,True
2021-01-29,"['VIG', 'SCHD', 'DGRO', 'GLD']","[137.05, 21.19, 44.11, 172.61]","[127.31, 18.93, 40.34, 173.03]","[4021.5, 4105.58, 4076.77, 4008.85]","[4021.5, 4105.58, 4076.77, 4008.85]",16212,False
2021-02-26,"['VIG', 'SCHD', 'DGRO', 'GLD']","[139.21, 22.47, 45.3, 161.81]","[129.87, 19.49, 41.23, 173.33]","[4084.88, 4353.58, 4186.75, 3758.02]","[4084.88, 4353.58, 4186.75, 3758.02]",16383,False
2021-03-31,"['VIG', 'SCHD', 'DGRO', 'GLD']","[147.08, 24.31, 48.27, 159.96]","[132.81, 20.17, 42.29, 173.04]","[4315.81, 4710.08, 4461.25, 3715.05]","[4315.81, 4710.08, 4461.25, 3715.05]",17202,False
2021-04-30,"['VIG', 'SCHD', 'DGRO', 'GLD']","[153.01, 24.84, 49.91, 165.66]","[136.39, 20.93, 43.52, 172.86]","[4489.82, 4812.77, 4612.82, 3847.43]","[4489.82, 4812.77, 4612.82, 3847.43]",17762,False
2021-05-28,"['VIG', 'SCHD', 'DGRO', 'GLD']","[155.7, 25.64, 50.82, 178.38]","[139.66, 21.68, 44.68, 172.16]","[4568.75, 4967.77, 4696.92, 4142.85]","[4568.75, 4967.77, 4696.92, 4142.85]",18376,False
2021-06-30,"['VIG', 'SCHD', 'DGRO', 'GLD']","[154.79, 25.21, 50.36, 165.63]","[142.08, 22.29, 45.6, 170.24]","[4542.05, 4884.46, 4654.41, 3846.73]","[4542.05, 4884.46, 4654.41, 3846.73]",17927,False
2021-07-30,"['VIG', 'SCHD', 'DGRO', 'GLD']","[159.72, 25.37, 51.68, 169.82]","[145.18, 22.98, 46.79, 169.51]","[4686.71, 4915.46, 4776.41, 3944.04]","[4686.71, 4915.46, 4776.41, 3944.04]",18322,False
2021-08-31,"['VIG', 'SCHD', 'DGRO', 'GLD']","[162.39, 25.9, 52.84, 169.69]","[148.85, 23.72, 48.18, 168.86]","[4765.06, 5018.15, 4883.62, 3941.02]","[4765.06, 5018.15, 4883.62, 3941.02]",18607,False
2021-09-30,"['VIG', 'SCHD', 'DGRO', 'GLD']","[153.6, 24.75, 50.24, 164.22]","[150.37, 24.11, 48.84, 168.61]","[4507.13, 4795.34, 4643.32, 3813.98]","[4507.13, 4795.34, 4643.32, 3813.98]",17759,False
2021-10-29,"['VIG', 'SCHD', 'DGRO', 'GLD']","[164.25, 25.84, 53.13, 166.65]","[152.68, 24.55, 49.67, 167.44]","[4819.64, 5006.53, 4910.42, 3870.42]","[4819.64, 5006.53, 4910.42, 3870.42]",18607,False
2021-11-30,"['VIG', 'SCHD', 'DGRO', 'GLD']","[161.99, 25.31, 52.36, 165.5]","[155.17, 24.96, 50.49, 166.73]","[4753.32, 4903.84, 4839.25, 3843.71]","[4753.32, 4903.84, 4839.25, 3843.71]",18340,False
2021-12-31,"['VIG', 'SCHD', 'DGRO', 'GLD']","[171.75, 26.94, 55.58, 170.96]","[158.43, 25.41, 51.52, 167.65]","[5039.71, 5219.65, 5136.85, 3970.52]","[4841.68, 4841.68, 4841.68, 4841.68]",19366,True
2022-01-31,"['VIG', 'SCHD', 'DGRO', 'GLD']","[162.64, 26.21, 53.78, 168.09]","[159.98, 25.6, 52.07, 168.46]","[4584.87, 4710.48, 4684.88, 4760.4]","[4584.87, 4710.48, 4684.88, 4760.4]",18740,False
2022-02-28,"['VIG', 'SCHD', 'DGRO', 'GLD']","[158.08, 25.7, 52.43, 178.38]","[160.49, 25.69, 52.32, 169.73]","[4456.32, 4618.82, 4567.28, 5051.82]","[4456.32, 4618.82, 4567.28, 5051.82]",18694,False
2022-03-31,"['VIG', 'SCHD', 'DGRO', 'GLD']","[162.16, 26.3, 53.41, 180.65]","[161.14, 25.75, 52.58, 169.96]","[4571.34, 4726.65, 4652.65, 5116.11]","[4571.34, 4726.65, 4652.65, 5116.11]",19066,False
2022-04-29,"['VIG', 'SCHD', 'DGRO', 'GLD']","[153.86, 25.21, 50.59, 176.91]","[161.04, 25.75, 52.6, 171.09]","[4337.36, 4530.75, 4406.99, 5010.19]","[4337.36, 4530.75, 4406.99, 5010.19]",18285,False
2022-05-31,"['VIG', 'SCHD', 'DGRO', 'GLD']","[153.75, 26.2, 51.38, 171.14]","[160.45, 25.83, 52.57, 171.22]","[4334.26, 4708.67, 4475.81, 4846.78]","[4334.26, 4708.67, 4475.81, 4846.78]",18365,False
2022-06-30,"['VIG', 'SCHD', 'DGRO', 'GLD']","[143.47, 23.88, 47.64, 168.46]","[158.56, 25.63, 52.05, 171.1]","[4044.46, 4291.72, 4150.01, 4770.88]","[4044.46, 4291.72, 4150.01, 4770.88]",17257,False
2022-07-29,"['VIG', 'SCHD', 'DGRO', 'GLD']","[153.22, 24.81, 50.61, 164.1]","[158.52, 25.64, 52.09, 171.08]","[4319.32, 4458.86, 4408.73, 4647.4]","[4319.32, 4458.86, 4408.73, 4647.4]",17834,False
2022-08-31,"['VIG', 'SCHD', 'DGRO', 'GLD']","[147.93, 24.13, 48.83, 159.27]","[156.89, 25.47, 51.66, 170.35]","[4170.19, 4336.65, 4253.67, 4510.61]","[4170.19, 4336.65, 4253.67, 4510.61]",17271,False
2022-09-30,"['VIG', 'SCHD', 'DGRO', 'GLD']","[135.16, 22.14, 44.47, 154.67]","[154.2, 25.15, 50.87, 169.26]","[3810.2, 3979.01, 3873.86, 4380.34]","[3810.2, 3979.01, 3873.86, 4380.34]",16043,False
2022-10-31,"['VIG', 'SCHD', 'DGRO', 'GLD']","[148.62, 24.63, 49.01, 151.91]","[151.89, 24.92, 50.22, 167.36]","[4189.64, 4426.51, 4269.35, 4302.18]","[4189.64, 4426.51, 4269.35, 4302.18]",17187,False
2022-11-30,"['VIG', 'SCHD', 'DGRO', 'GLD']","[158.65, 26.31, 52.33, 164.81]","[151.49, 24.93, 50.07, 167.03]","[4472.39, 4728.44, 4558.56, 4667.52]","[4472.39, 4728.44, 4558.56, 4667.52]",18426,False
2022-12-30,"['VIG', 'SCHD', 'DGRO', 'GLD']","[151.85, 25.18, 50.0, 169.64]","[150.87, 24.88, 49.83, 166.16]","[4280.7, 4525.36, 4355.59, 4804.31]","[4491.49, 4491.49, 4491.49, 4491.49]",17965,True
2023-01-31,"['VIG', 'SCHD', 'DGRO', 'GLD']","[156.26, 25.7, 51.32, 179.41]","[150.28, 24.82, 49.62, 166.03]","[4621.93, 4584.25, 4610.07, 4750.17]","[4621.93, 4584.25, 4610.07, 4750.17]",18566,False
2023-02-28,"['VIG', 'SCHD', 'DGRO', 'GLD']","[151.98, 24.85, 49.91, 169.78]","[150.09, 24.78, 49.55, 165.32]","[4495.33, 4432.63, 4483.41, 4495.2]","[4495.33, 4432.63, 4483.41, 4495.2]",17906,False
2023-03-31,"['VIG', 'SCHD', 'DGRO', 'GLD']","[154.01, 24.39, 49.99, 183.22]","[150.11, 24.6, 49.41, 166.53]","[4555.37, 4350.58, 4490.6, 4851.05]","[4555.37, 4350.58, 4490.6, 4851.05]",18247,False
2023-04-28,"['VIG', 'SCHD', 'DGRO', 'GLD']","[157.57, 24.19, 50.89, 184.8]","[151.52, 24.63, 49.74, 168.16]","[4660.67, 4314.9, 4571.45, 4892.88]","[4660.67, 4314.9, 4571.45, 4892.88]",18439,False
2023-05-31,"['VIG', 'SCHD', 'DGRO', 'GLD']","[153.25, 23.2, 49.09, 182.32]","[151.53, 24.47, 49.58, 169.98]","[4532.89, 4138.31, 4409.76, 4827.22]","[4532.89, 4138.31, 4409.76, 4827.22]",17908,False
2023-06-30,"['VIG', 'SCHD', 'DGRO', 'GLD']","[162.43, 24.21, 51.53, 178.27]","[152.98, 24.48, 49.85, 171.88]","[4804.42, 4318.47, 4628.95, 4719.99]","[4804.42, 4318.47, 4628.95, 4719.99]",18471,False
2023-07-31,"['VIG', 'SCHD', 'DGRO', 'GLD']","[166.25, 25.22, 53.26, 182.35]","[156.09, 24.79, 50.73, 174.65]","[4917.41, 4498.63, 4784.36, 4828.01]","[4917.41, 4498.63, 4784.36, 4828.01]",19028,False
2023-08-31,"['VIG', 'SCHD', 'DGRO', 'GLD']","[163.1, 24.84, 51.98, 180.02]","[157.53, 24.81, 51.03, 177.46]","[4824.24, 4430.85, 4669.38, 4766.32]","[4824.24, 4430.85, 4669.38, 4766.32]",18690,False
2023-09-29,"['VIG', 'SCHD', 'DGRO', 'GLD']","[155.38, 23.59, 49.53, 171.45]","[157.21, 24.54, 50.75, 178.13]","[4595.89, 4207.88, 4449.3, 4539.42]","[4595.89, 4207.88, 4449.3, 4539.42]",17792,False
2023-10-31,"['VIG', 'SCHD', 'DGRO', 'GLD']","[153.1, 22.69, 48.23, 184.09]","[157.33, 24.29, 50.57, 179.57]","[4528.45, 4047.34, 4332.52, 4874.08]","[4528.45, 4047.34, 4332.52, 4874.08]",17782,False
2023-11-30,"['VIG', 'SCHD', 'DGRO', 'GLD']","[164.53, 24.12, 51.66, 188.75]","[158.16, 24.13, 50.61, 180.51]","[4866.53, 4302.42, 4640.64, 4997.46]","[4866.53, 4302.42, 4640.64, 4997.46]",18807,False
2023-12-29,"['VIG', 'SCHD', 'DGRO', 'GLD']","[170.4, 25.38, 53.82, 191.17]","[160.0, 24.18, 51.0, 182.64]","[5040.16, 4527.17, 4834.67, 5061.53]","[4865.88, 4865.88, 4865.88, 4865.88]",19463,True
2024-01-31,"['VIG', 'SCHD', 'DGRO', 'GLD']","[172.49, 25.41, 54.5, 188.45]","[161.85, 24.28, 51.45, 183.17]","[4925.56, 4871.63, 4927.36, 4796.65]","[4925.56, 4871.63, 4927.36, 4796.65]",19521,False
2024-02-29,"['VIG', 'SCHD', 'DGRO', 'GLD']","[178.38, 25.88, 56.18, 189.31]","[163.93, 24.45, 51.98, 183.62]","[5093.75, 4961.74, 5079.25, 4818.54]","[5093.75, 4961.74, 5079.25, 4818.54]",19953,False
2024-03-28,"['VIG', 'SCHD', 'DGRO', 'GLD']","[182.61, 26.88, 58.06, 205.72]","[166.87, 24.82, 52.87, 185.96]","[5214.54, 5153.46, 5249.22, 5236.23]","[5214.54, 5153.46, 5249.22, 5236.23]",20853,False
2024-04-30,"['VIG', 'SCHD', 'DGRO', 'GLD']","[175.07, 25.66, 55.95, 211.87]","[168.13, 24.97, 53.32, 189.32]","[4999.23, 4919.56, 5058.45, 5392.77]","[4999.23, 4919.56, 5058.45, 5392.77]",20370,False
2024-05-31,"['VIG', 'SCHD', 'DGRO', 'GLD']","[180.9, 26.19, 57.59, 215.3]","[169.6, 25.06, 53.75, 192.61]","[5165.71, 5021.17, 5206.72, 5480.07]","[5165.71, 5021.17, 5206.72, 5480.07]",20873,False
2024-06-28,"['VIG', 'SCHD', 'DGRO', 'GLD']","[183.45, 25.92, 57.61, 215.01]","[171.63, 25.17, 54.31, 196.11]","[5238.53, 4969.41, 5208.53, 5472.69]","[5238.53, 4969.41, 5208.53, 5472.69]",20889,False
2024-07-31,"['VIG', 'SCHD', 'DGRO', 'GLD']","[189.79, 27.53, 60.3, 226.55]","[175.07, 25.57, 55.39, 201.62]","[5419.57, 5278.08, 5451.73, 5766.42]","[5419.57, 5278.08, 5451.73, 5766.42]",21915,False
2024-08-30,"['VIG', 'SCHD', 'DGRO', 'GLD']","[196.09, 28.18, 62.14, 231.29]","[179.37, 26.11, 56.78, 206.34]","[5599.47, 5402.7, 5618.08, 5887.07]","[5599.47, 5402.7, 5618.08, 5887.07]",22507,False
2024-09-30,"['VIG', 'SCHD', 'DGRO', 'GLD']","[198.06, 28.18, 62.69, 243.06]","[182.72, 26.52, 57.88, 211.77]","[5655.72, 5402.7, 5667.81, 6186.65]","[5655.72, 5402.7, 5667.81, 6186.65]",22912,False
2024-10-31,"['VIG', 'SCHD', 'DGRO', 'GLD']","[194.19, 28.23, 61.95, 253.51]","[185.1, 26.81, 58.7, 218.01]","[5545.21, 5412.29, 5600.91, 6452.64]","[5545.21, 5412.29, 5600.91, 6452.64]",23011,False
2024-11-29,"['VIG', 'SCHD', 'DGRO', 'GLD']","[204.68, 29.53, 64.94, 245.59]","[188.32, 27.22, 59.74, 223.72]","[5844.76, 5661.53, 5871.24, 6251.05]","[5844.76, 5661.53, 5871.24, 6251.05]",23628,False
2024-12-31,"['VIG', 'SCHD', 'DGRO', 'GLD']","[195.83, 27.32, 61.34, 242.13]","[190.07, 27.36, 60.26, 229.0]","[5592.04, 5237.83, 5545.76, 6162.98]","[5634.65, 5634.65, 5634.65, 5634.65]",22538,True
2025-01-31,"['VIG', 'SCHD', 'DGRO', 'GLD']","[202.22, 27.83, 63.47, 258.56]","[192.03, 27.46, 60.8, 234.29]","[5818.51, 5739.84, 5830.31, 6017.0]","[5818.51, 5739.84, 5830.31, 6017.0]",23405,False
2025-02-28,"['VIG', 'SCHD', 'DGRO', 'GLD']","[203.13, 28.54, 64.12, 263.27]","[194.83, 27.74, 61.62, 239.43]","[5844.69, 5886.28, 5890.02, 6126.61]","[5844.69, 5886.28, 5890.02, 6126.61]",23747,False
2025-03-31,"['VIG', 'SCHD', 'DGRO', 'GLD']","[193.99, 27.96, 61.78, 288.14]","[196.14, 27.92, 62.03, 246.71]","[5581.7, 5766.66, 5675.07, 6705.36]","[5581.7, 5766.66, 5675.07, 6705.36]",23728,False
2025-04-30,"['VIG', 'SCHD', 'DGRO', 'GLD']","[191.03, 25.82, 60.14, 303.77]","[196.9, 27.91, 62.29, 255.59]","[5496.53, 5325.29, 5524.42, 7069.09]","[5496.53, 5325.29, 5524.42, 7069.09]",23415,False
2025-05-30,"['VIG', 'SCHD', 'DGRO', 'GLD']","[197.93, 26.17, 62.11, 303.6]","[197.71, 27.78, 62.47, 263.29]","[5695.06, 5397.48, 5705.38, 7065.13]","[5695.06, 5397.48, 5705.38, 7065.13]",23863,False
2025-06-30,"['VIG', 'SCHD', 'DGRO', 'GLD']","[205.54, 26.5, 63.94, 304.83]","[198.66, 27.61, 62.65, 270.65]","[5914.02, 5465.54, 5873.48, 7093.75]","[5914.02, 5465.54, 5873.48, 7093.75]",24346,False
2025-07-31,"['VIG', 'SCHD', 'DGRO', 'GLD']","[206.06, 26.5, 64.64, 302.96]","[199.46, 27.44, 62.84, 276.64]","[5928.98, 5465.54, 5937.78, 7050.23]","[5928.98, 5465.54, 5937.78, 7050.23]",24382,False
2025-08-29,"['VIG', 'SCHD', 'DGRO', 'GLD']","[210.92, 27.92, 66.93, 318.07]","[201.13, 27.41, 63.34, 283.09]","[6068.82, 5758.41, 6148.14, 7401.86]","[6068.82, 5758.41, 6148.14, 7401.86]",25377,False
